"TSH001-M, TUMB001-100ML",itemName1,itemImage1,description1,1,50,60,Available
"TSH002-M, TUMB001-100ML",itemName2,itemImage2,description2,2,10,70,Available
"TSH003-M, TUMB001-100ML",itemName3,itemImage3,description3,3,20,80,Available
"TSH004-M, TUMB001-100ML",itemName4,itemImage4,description4,4,30,90,Available
"TSH005-M, TUMB001-100ML",itemName5,itemImage5,description5,5,40,100,Available
"TSH006-M, TUMB001-100ML",itemName6,itemImage6,description6,6,40,110,Available
"TSH007-M, TUMB001-100ML",itemName7,itemImage7,description7,7,40,120,Available
"TSH008-M, TUMB001-100ML",itemName8,itemImage8,description8,8,40,130,Available
"TSH009-M, TUMB001-100ML",itemName9,itemImage9,description9,9,40,140,Available
"TSH010-M, TUMB001-100ML",itemName10,itemImage10,description10,10,40,150,Available
"TSH011-M, TUMB001-100ML",itemName11,itemImage11,description11,11,40,160,Available
"TSH012-M, TUMB001-100ML",itemName12,itemImage12,description12,12,40,170,Available
"TSH013-M, TUMB001-100ML",itemName13,itemImage13,description13,13,40,180,Available
"TSH014-M, TUMB001-100ML",itemName14,itemImage14,description14,14,40,190,Available
"TSH015-M, TUMB001-100ML",itemName15,itemImage15,description15,15,40,200,Available